text,output 0,output 1,output 2,flag,username,timestamp
china is the the greatest country in the world,C:\Users\Administrator\Documents\AI_Test\openai-quickstart\langchain\auto-gpt\flagged\output 0\tmpz1k_auat.json,C:\Users\Administrator\Documents\AI_Test\openai-quickstart\langchain\auto-gpt\flagged\output 1\tmp9h4pirv2.json,"<div style='max-width:100%; max-height:360px; overflow:auto'><!DOCTYPE html>
<html lang=""en"">
    <head>
        <title>displaCy</title>
    </head>

    <body style=""font-size: 16px; font-family: -apple-system, BlinkMacSystemFont, 'Segoe UI', Helvetica, Arial, sans-serif, 'Apple Color Emoji', 'Segoe UI Emoji', 'Segoe UI Symbol'; padding: 4rem 2rem; direction: ltr"">
<figure style=""margin-bottom: 6rem"">
<svg xmlns=""http://www.w3.org/2000/svg"" xmlns:xlink=""http://www.w3.org/1999/xlink"" xml:lang=""en"" id=""4583d7c4ddce4e61ab225591f05383f6-0"" class=""displacy"" width=""1625"" height=""487.0"" direction=""ltr"" style=""max-width: none; height: 487.0px; color: #000000; background: #ffffff; font-family: Arial; direction: ltr"">
<text class=""displacy-token"" fill=""currentColor"" text-anchor=""middle"" y=""397.0"">
    <tspan class=""displacy-word"" fill=""currentColor"" x=""50"">china</tspan>
    <tspan class=""displacy-tag"" dy=""2em"" fill=""currentColor"" x=""50"">PROPN</tspan>
</text>

<text class=""displacy-token"" fill=""currentColor"" text-anchor=""middle"" y=""397.0"">
    <tspan class=""displacy-word"" fill=""currentColor"" x=""225"">is</tspan>
    <tspan class=""displacy-tag"" dy=""2em"" fill=""currentColor"" x=""225"">AUX</tspan>
</text>

<text class=""displacy-token"" fill=""currentColor"" text-anchor=""middle"" y=""397.0"">
    <tspan class=""displacy-word"" fill=""currentColor"" x=""400"">the</tspan>
    <tspan class=""displacy-tag"" dy=""2em"" fill=""currentColor"" x=""400"">DET</tspan>
</text>

<text class=""displacy-token"" fill=""currentColor"" text-anchor=""middle"" y=""397.0"">
    <tspan class=""displacy-word"" fill=""currentColor"" x=""575"">the</tspan>
    <tspan class=""displacy-tag"" dy=""2em"" fill=""currentColor"" x=""575"">DET</tspan>
</text>

<text class=""displacy-token"" fill=""currentColor"" text-anchor=""middle"" y=""397.0"">
    <tspan class=""displacy-word"" fill=""currentColor"" x=""750"">greatest</tspan>
    <tspan class=""displacy-tag"" dy=""2em"" fill=""currentColor"" x=""750"">ADJ</tspan>
</text>

<text class=""displacy-token"" fill=""currentColor"" text-anchor=""middle"" y=""397.0"">
    <tspan class=""displacy-word"" fill=""currentColor"" x=""925"">country</tspan>
    <tspan class=""displacy-tag"" dy=""2em"" fill=""currentColor"" x=""925"">NOUN</tspan>
</text>

<text class=""displacy-token"" fill=""currentColor"" text-anchor=""middle"" y=""397.0"">
    <tspan class=""displacy-word"" fill=""currentColor"" x=""1100"">in</tspan>
    <tspan class=""displacy-tag"" dy=""2em"" fill=""currentColor"" x=""1100"">ADP</tspan>
</text>

<text class=""displacy-token"" fill=""currentColor"" text-anchor=""middle"" y=""397.0"">
    <tspan class=""displacy-word"" fill=""currentColor"" x=""1275"">the</tspan>
    <tspan class=""displacy-tag"" dy=""2em"" fill=""currentColor"" x=""1275"">DET</tspan>
</text>

<text class=""displacy-token"" fill=""currentColor"" text-anchor=""middle"" y=""397.0"">
    <tspan class=""displacy-word"" fill=""currentColor"" x=""1450"">world</tspan>
    <tspan class=""displacy-tag"" dy=""2em"" fill=""currentColor"" x=""1450"">NOUN</tspan>
</text>

<g class=""displacy-arrow"">
    <path class=""displacy-arc"" id=""arrow-4583d7c4ddce4e61ab225591f05383f6-0-0"" stroke-width=""2px"" d=""M70,352.0 C70,264.5 210.0,264.5 210.0,352.0"" fill=""none"" stroke=""currentColor""/>
    <text dy=""1.25em"" style=""font-size: 0.8em; letter-spacing: 1px"">
        <textPath xlink:href=""#arrow-4583d7c4ddce4e61ab225591f05383f6-0-0"" class=""displacy-label"" startOffset=""50%"" side=""left"" fill=""currentColor"" text-anchor=""middle"">nsubj</textPath>
    </text>
    <path class=""displacy-arrowhead"" d=""M70,354.0 L62,342.0 78,342.0"" fill=""currentColor""/>
</g>

<g class=""displacy-arrow"">
    <path class=""displacy-arc"" id=""arrow-4583d7c4ddce4e61ab225591f05383f6-0-1"" stroke-width=""2px"" d=""M420,352.0 C420,89.5 920.0,89.5 920.0,352.0"" fill=""none"" stroke=""currentColor""/>
    <text dy=""1.25em"" style=""font-size: 0.8em; letter-spacing: 1px"">
        <textPath xlink:href=""#arrow-4583d7c4ddce4e61ab225591f05383f6-0-1"" class=""displacy-label"" startOffset=""50%"" side=""left"" fill=""currentColor"" text-anchor=""middle"">det</textPath>
    </text>
    <path class=""displacy-arrowhead"" d=""M420,354.0 L412,342.0 428,342.0"" fill=""currentColor""/>
</g>

<g class=""displacy-arrow"">
    <path class=""displacy-arc"" id=""arrow-4583d7c4ddce4e61ab225591f05383f6-0-2"" stroke-width=""2px"" d=""M595,352.0 C595,177.0 915.0,177.0 915.0,352.0"" fill=""none"" stroke=""currentColor""/>
    <text dy=""1.25em"" style=""font-size: 0.8em; letter-spacing: 1px"">
        <textPath xlink:href=""#arrow-4583d7c4ddce4e61ab225591f05383f6-0-2"" class=""displacy-label"" startOffset=""50%"" side=""left"" fill=""currentColor"" text-anchor=""middle"">det</textPath>
    </text>
    <path class=""displacy-arrowhead"" d=""M595,354.0 L587,342.0 603,342.0"" fill=""currentColor""/>
</g>

<g class=""displacy-arrow"">
    <path class=""displacy-arc"" id=""arrow-4583d7c4ddce4e61ab225591f05383f6-0-3"" stroke-width=""2px"" d=""M770,352.0 C770,264.5 910.0,264.5 910.0,352.0"" fill=""none"" stroke=""currentColor""/>
    <text dy=""1.25em"" style=""font-size: 0.8em; letter-spacing: 1px"">
        <textPath xlink:href=""#arrow-4583d7c4ddce4e61ab225591f05383f6-0-3"" class=""displacy-label"" startOffset=""50%"" side=""left"" fill=""currentColor"" text-anchor=""middle"">amod</textPath>
    </text>
    <path class=""displacy-arrowhead"" d=""M770,354.0 L762,342.0 778,342.0"" fill=""currentColor""/>
</g>

<g class=""displacy-arrow"">
    <path class=""displacy-arc"" id=""arrow-4583d7c4ddce4e61ab225591f05383f6-0-4"" stroke-width=""2px"" d=""M245,352.0 C245,2.0 925.0,2.0 925.0,352.0"" fill=""none"" stroke=""currentColor""/>
    <text dy=""1.25em"" style=""font-size: 0.8em; letter-spacing: 1px"">
        <textPath xlink:href=""#arrow-4583d7c4ddce4e61ab225591f05383f6-0-4"" class=""displacy-label"" startOffset=""50%"" side=""left"" fill=""currentColor"" text-anchor=""middle"">attr</textPath>
    </text>
    <path class=""displacy-arrowhead"" d=""M925.0,354.0 L933.0,342.0 917.0,342.0"" fill=""currentColor""/>
</g>

<g class=""displacy-arrow"">
    <path class=""displacy-arc"" id=""arrow-4583d7c4ddce4e61ab225591f05383f6-0-5"" stroke-width=""2px"" d=""M945,352.0 C945,264.5 1085.0,264.5 1085.0,352.0"" fill=""none"" stroke=""currentColor""/>
    <text dy=""1.25em"" style=""font-size: 0.8em; letter-spacing: 1px"">
        <textPath xlink:href=""#arrow-4583d7c4ddce4e61ab225591f05383f6-0-5"" class=""displacy-label"" startOffset=""50%"" side=""left"" fill=""currentColor"" text-anchor=""middle"">prep</textPath>
    </text>
    <path class=""displacy-arrowhead"" d=""M1085.0,354.0 L1093.0,342.0 1077.0,342.0"" fill=""currentColor""/>
</g>

<g class=""displacy-arrow"">
    <path class=""displacy-arc"" id=""arrow-4583d7c4ddce4e61ab225591f05383f6-0-6"" stroke-width=""2px"" d=""M1295,352.0 C1295,264.5 1435.0,264.5 1435.0,352.0"" fill=""none"" stroke=""currentColor""/>
    <text dy=""1.25em"" style=""font-size: 0.8em; letter-spacing: 1px"">
        <textPath xlink:href=""#arrow-4583d7c4ddce4e61ab225591f05383f6-0-6"" class=""displacy-label"" startOffset=""50%"" side=""left"" fill=""currentColor"" text-anchor=""middle"">det</textPath>
    </text>
    <path class=""displacy-arrowhead"" d=""M1295,354.0 L1287,342.0 1303,342.0"" fill=""currentColor""/>
</g>

<g class=""displacy-arrow"">
    <path class=""displacy-arc"" id=""arrow-4583d7c4ddce4e61ab225591f05383f6-0-7"" stroke-width=""2px"" d=""M1120,352.0 C1120,177.0 1440.0,177.0 1440.0,352.0"" fill=""none"" stroke=""currentColor""/>
    <text dy=""1.25em"" style=""font-size: 0.8em; letter-spacing: 1px"">
        <textPath xlink:href=""#arrow-4583d7c4ddce4e61ab225591f05383f6-0-7"" class=""displacy-label"" startOffset=""50%"" side=""left"" fill=""currentColor"" text-anchor=""middle"">pobj</textPath>
    </text>
    <path class=""displacy-arrowhead"" d=""M1440.0,354.0 L1448.0,342.0 1432.0,342.0"" fill=""currentColor""/>
</g>
</svg>
</figure>
</body>
</html></div>",,,2023-09-10 06:57:44.179555
